-1.018656913715066809e-01,-1.030212786863758945e-01,2.866808262932993290e-03,-1.449735951424675762e-02,-3.097971302665140925e-03,-9.424295173939882531e-03,3.907904879527937525e-02,3.263009987802580059e-02,1.354509578481474796e-02,1.001487537790389515e-02,-2.513483311138877546e-02,-5.531519234138138064e-03,1.060758239581757745e-02,-7.346680154557694298e-04,-1.051712803974174520e-02,-1.754321871615723005e-02,-1.024239781284049244e-01,-1.005511306004866767e-01,-8.714768882531465088e-02,-9.264053215719152135e-02,-3.274361299211991233e-02,-3.059812497151393959e-02,-1.121060596071771220e-02,-2.152863219361200731e-02,-2.463007999717421043e-02,-3.649877370168714413e-02,-2.093257864076127420e-02,-1.960139369081121200e-02,-8.041335590227026431e-02,-8.421509199531906908e-02,-2.713357094826202714e-02,-2.942339387149803254e-02,-7.096203125775199516e-02,-6.474347860609540317e-02,-5.938221537121465832e-03,-1.542282395620477031e-02,-4.381117680856648489e-02,-4.628921496634470084e-02,-2.066998954139491126e-02,-2.865634688033349281e-02,-2.391440206007006825e-02,-2.912483415193694788e-02,-6.185260718188046597e-02,-6.457610907763389196e-02,-3.750023620988709311e-02,-3.849011019863385341e-02,-4.605469322436221702e-02,-4.577885321957564368e-02,2.303605499469764395e-02,-1.141857593580445501e-02,4.013982891085436655e-02,2.142230060925955082e-02,1.546875841143025704e-02,-1.656375836817473163e-02,5.484078682561240037e-03,-5.007226270794966350e-03,-8.810607345667695323e-02,-9.330484472326126821e-02,4.388763686251152818e-02,1.170294067374005875e-02,5.897296312287197972e-02,5.516529372744262416e-02,-5.563656113476631027e-02,-4.076949584607164612e-02,5.402712018223269907e-02,6.881150380909717423e-02,-1.249144143813486763e-02,-1.857990871261573640e-02,-9.791069575285266113e-02,-9.306453768677161453e-02,-2.063521074574149738e-02,-2.155445140887835009e-02,-5.123876334340551203e-02,-5.390732056464596356e-02,-2.840946601940400745e-02,-2.301207905605575504e-02,-3.427614980927476407e-02,-4.251938245332654437e-02,-7.309174139511089019e-02,-7.501328506042120869e-02,-5.418755089403324426e-02,-4.757473979033559341e-02,-2.924738580412329647e-02,-3.641037945309399254e-02,3.350753120749495884e-02,3.714806747753893190e-02,-1.329132780023722926e-03,-1.147240954104754990e-02,4.748317179715307035e-02,3.935700732515241829e-02
-1.128097599449721239e-01,-1.115603832039183396e-01,-1.070027304110743455e-01,-1.103151766610872830e-01,-6.700912209808407294e-02,-6.543663589264415992e-02,-1.021321530059013521e-01,-1.055322480450389400e-01,-7.073286316274389474e-02,-6.834377736064095599e-02,-9.526327629246060524e-02,-9.721225471263751639e-02,-9.274023026232006139e-02,-9.006406458718228814e-02,-8.341495916509197861e-02,-8.464567691647317815e-02,-1.101980462279330553e-01,-1.098008463871782969e-01,-1.113788021028644937e-01,-1.128008595052425317e-01,-4.755506499482065053e-02,-4.052342288418797622e-02,-9.797728979843441099e-02,-9.618090053951464102e-02,-8.559632106355194447e-02,-8.683423480469362743e-02,-5.590638661278485300e-02,-5.687670591233827400e-02,-1.017542398543900550e-01,-1.017487229075675348e-01,-9.644053026901090730e-02,-9.820257298814041858e-02,-1.146042132790833085e-01,-1.160061653412418486e-01,-6.572320462444618261e-02,-5.454734038108769584e-02,-5.320008249557304364e-02,-5.449171630803041622e-02,-3.300742183267009466e-02,-2.743777541380828383e-02,-3.250994438433058020e-02,-3.519288353519842150e-02,-7.921471963022913565e-02,-8.833915573323644632e-02,-7.144016187075591384e-02,-8.383104675010366602e-02,-4.497737515748789078e-02,-5.230707234443845305e-02,-5.949034283545580337e-02,-6.990357790941058302e-02,-2.992338069479190399e-02,-4.138881248573186844e-02,3.895378179166470584e-02,1.281991791362287192e-02,2.914653274470657696e-02,1.087989725674903818e-02,-1.083888085568499859e-01,-1.067289161953758891e-01,-7.742379421963201114e-02,-8.439489701765906515e-02,-8.202740563716887090e-02,-8.313325158090402456e-02,-1.032090749361833371e-01,-9.876286478079071562e-02,-7.449651548406334423e-02,-8.243637876241612095e-02,-1.072802380611892620e-01,-1.087951688446391896e-01,-1.003230878026078743e-01,-9.691744567786804432e-02,-6.327766136412363296e-02,-6.691222176641395403e-02,-7.457163417420649421e-02,-7.634306708884297521e-02,-5.221416752424436203e-02,-4.869835623889402776e-02,-8.371792838644286083e-02,-8.864175383642086681e-02,-7.778513290539430802e-02,-7.981201239251166368e-02,-7.854104092828215200e-02,-8.343127485448484371e-02,-4.393615221186870923e-02,-5.029319664853407895e-02,-7.162822256292665501e-02,-6.403839442372803725e-02,-1.561477202946169943e-02,-3.239922747054733293e-02,-7.940729073740000754e-03,-1.033465042026235348e-02
-2.236599747663583354e-02,-2.742770634953655556e-02,-5.672584062239639097e-02,-6.473486155761053185e-02,-7.858146397819863738e-03,-1.345581115503109715e-02,-3.742573505284562535e-02,-4.343232187725292598e-02,-1.217279828257613467e-02,-1.869894928648991456e-02,4.922582522675102157e-02,2.800486379742819776e-02,2.900309626785321782e-02,2.327416691143992244e-02,1.786555382880734844e-02,1.147966126046773283e-02,5.817083386551431812e-02,5.146672093978142681e-02,-3.291713448012836829e-02,-4.277105330650199377e-02,-6.442813279280385635e-03,-9.274649974956163806e-03,-2.335957788623415493e-02,-3.209893189676819858e-02,-2.239759010856998134e-02,-2.311597690513070291e-02,3.484187593124007942e-04,-6.278677981225090632e-03,5.817441080367323492e-02,5.209146094484384815e-02,-8.672503698852612741e-03,-1.597018677555156474e-02,-4.572579806024979626e-02,-5.629924941670906569e-02,-4.516254842119472868e-02,-3.165339499227480535e-02,-7.272169499550201754e-04,-5.711310939709477591e-03,-1.946858295300990874e-02,-1.842397684385584794e-02,-3.846293571705575870e-03,1.291343371188809208e-03,-5.530510724956399365e-02,-5.882140545015037553e-02,-6.559257328558230904e-02,-7.136977685467342514e-02,-4.957630136062522036e-02,-5.292648921360693787e-02,-8.755297723313811009e-02,-8.378494757677117100e-02,-8.303837740016532798e-02,-8.606356591735436767e-02,-5.487656480391975983e-02,-3.787440311109960961e-02,-5.323405826668387020e-02,-5.124456061166063336e-02,-2.431716561754408007e-02,-3.334106131910755805e-02,-7.248193649131766392e-02,-7.545261151352487816e-02,-4.490756760337264591e-02,-5.041934003148591803e-02,3.300341551928569206e-02,1.425841741451629174e-02,-4.745925862778441195e-02,-7.577291802707919466e-02,-8.734574719538254484e-02,-9.041163307028202145e-02,-5.045439742234746755e-02,-4.530645357947234164e-02,-3.409487338462681427e-02,-3.089607361921199030e-02,-3.582755710272475524e-02,-2.907861368008184816e-02,-1.247950363892822920e-02,-1.344150490851946794e-02,-3.458505785537988736e-02,-3.604946654811419515e-02,3.486134884362262348e-02,2.781597630616903377e-02,3.060751269140798286e-02,1.025331502092312330e-02,4.074925835281531517e-03,1.864024789211202182e-03,-4.136882511215843328e-02,-6.574228494594669403e-02,-1.493332789135210469e-02,-1.102382453857700395e-02,-5.045145069235330154e-02,-6.250925105050431085e-02
-1.103270288128911508e-01,-1.090882292665145276e-01,-8.260333864775491752e-02,-8.947871920611147334e-02,3.918408849168393548e-03,7.339371425458263154e-03,-9.143544157951348506e-02,-9.186852510025772522e-02,-2.485372574204373908e-02,-2.900701155777890561e-02,-8.341918759386886262e-02,-9.154871861312581516e-02,-7.137449773189766256e-02,-8.102166239996512476e-02,-2.153641894034437343e-02,-3.718495298568983559e-02,-1.043469601328985696e-01,-1.051488724985644441e-01,-1.005725489346201984e-01,-1.028474205956454862e-01,-6.244760450075971525e-03,-1.311594494312231726e-02,-4.036332668607157947e-02,-3.538289659646275120e-02,-3.920703395289173998e-03,-6.244530058401379091e-03,2.500773041151493903e-02,1.556233776498254506e-02,-8.401267007191681735e-02,-8.724198767234603302e-02,-2.906696364100184310e-02,-3.167373283348581120e-02,-1.042509909408427804e-01,-1.073430575162807182e-01,-4.117531483593188379e-02,-4.500165420449547815e-02,-3.462034919429977931e-02,-3.932801364489690865e-02,-4.547458703461514096e-02,-4.922981101813237587e-02,-2.970404353367075978e-02,-2.853179950367382145e-02,-8.857216314435942262e-02,-8.977984781881888365e-02,-9.206046011157306697e-02,-9.261283480829454740e-02,-8.272264724439394590e-02,-8.516826838052049542e-02,-1.017985392771043746e-01,-9.857697135540774425e-02,-9.648253846296027392e-02,-9.699982612541258042e-02,-7.138855096911042586e-02,-5.865169832138442119e-02,-7.460323836870971781e-02,-7.518021636277186226e-02,-1.094988581980120418e-01,-1.071552250880308255e-01,-9.567851301020982580e-02,-9.812741404973981951e-02,-9.517788522897727144e-02,-9.527387402191064836e-02,-1.036696992492370517e-01,-1.070761237618530759e-01,-4.399990632568032828e-02,-8.215250549436547978e-02,-9.961968169216640911e-02,-1.027711694499716943e-01,-8.797817325936356514e-02,-8.454972616921639650e-02,-7.071783805467814210e-02,-7.333584414077944091e-02,-8.452413205190509315e-02,-8.243214863475263610e-02,-5.369944417971753148e-02,-4.376984557998271630e-02,-7.782433828091064876e-02,-8.219562881543027166e-02,-6.337558491550997208e-02,-6.908741889791028545e-02,-6.863009885887552675e-02,-7.797099308772395543e-02,-3.008666807033244170e-02,-3.703702862539813567e-02,-7.073285768921191985e-02,-8.592218237124013558e-02,-4.987186529018517583e-03,-1.865376139651816340e-02,-6.598285579212441465e-02,-7.996732478381013420e-02
-9.908796511243808669e-02,-9.662042729782011063e-02,-1.109792074253772992e-01,-1.113670956673332990e-01,-7.633706970802892067e-02,-7.395765243875868089e-02,-1.137310163367048488e-01,-1.138678174546785271e-01,-8.752953643875877043e-02,-8.739174507175817563e-02,-9.889845371506764127e-02,-1.013950456273907952e-01,-9.870999129799259975e-02,-9.638664062866666993e-02,-8.468625277052507783e-02,-8.812389890653575530e-02,-8.869843441392494254e-02,-8.784589101802864342e-02,-9.769531740397213726e-02,-9.415453340884592792e-02,-2.516377605666521300e-02,-2.664785541348435594e-02,-9.979641976708139572e-02,-9.250820796055142514e-02,-7.766132198917136131e-02,-7.730645647492379036e-02,-5.925877697951052736e-02,-5.219769867707214905e-02,-8.239314880612266800e-02,-8.024961309807646104e-02,-9.759923995875390001e-02,-9.758385478815401193e-02,-1.077792525382625516e-01,-1.087645040591391637e-01,-6.139644969945302899e-02,-3.594028894373790806e-02,-9.786352268016391964e-03,-9.235246305089137020e-03,-2.672787328580907007e-02,-1.669049423948914396e-02,-1.334316310513807870e-02,-8.399555664310541861e-03,3.036792492552006784e-02,5.722369124331651291e-02,1.645751032149103676e-03,2.332576001893404971e-02,2.892591003784306808e-02,5.124657579353381065e-02,-7.637106192005316263e-02,-2.180897955751119610e-02,-8.250532557358147834e-02,-4.751638316212730695e-02,-4.534153808664812685e-02,4.562773935130881586e-06,-3.284840989140798417e-02,-7.466982840592453763e-04,-9.497790263104638475e-02,-9.078884245598686786e-02,-1.002077737199173202e-01,-9.282895484697270549e-02,-1.096612344605819300e-01,-1.071582001171161036e-01,-9.873346770753739510e-02,-1.006958180396042846e-01,-1.003233815688073238e-01,-1.066647246513156150e-01,-1.046609517111530691e-01,-9.316913614828709056e-02,-6.822730321204163728e-02,-6.031836054564950617e-02,-4.655788554351415753e-02,-4.802889619591772796e-02,-3.485023716522837878e-02,-4.316968486587604431e-02,-3.614696095784945828e-02,-2.929015401930784232e-02,-7.654862203307541413e-02,-7.286593973376001565e-02,-3.934063943893798682e-02,-3.700623873986576273e-02,-5.606659449826988800e-02,-6.722198793027010788e-02,-2.849820235206703550e-02,-3.496470504543894298e-02,-9.804330006179580448e-02,-8.995863647728226387e-02,-3.183837607580095735e-02,-3.738036043692320731e-02,-8.851950206054058634e-02,-7.629378020035537666e-02
-1.076935368417246963e-01,-1.066413078298829031e-01,-1.109491458649345397e-01,-1.117826666498255572e-01,-8.796738444453008898e-02,-8.865850189667467962e-02,-1.092974488077265993e-01,-1.096459078253101127e-01,-9.365015337018132990e-02,-9.342438751819460985e-02,-1.014458230780916348e-01,-1.039266164984890689e-01,-1.043562629288745935e-01,-1.030244624280866744e-01,-9.772379567650504861e-02,-9.992152331693798795e-02,-1.024241913132607207e-01,-1.030055258280889868e-01,-1.063466631680186764e-01,-1.058419798632101172e-01,-6.536480458860398357e-02,-6.760214308315165566e-02,-1.060909451660795172e-01,-1.060463942922020841e-01,-1.024778197026748466e-01,-1.019597342974988691e-01,-8.353576388675304498e-02,-8.166807370786621778e-02,-1.016256081204339468e-01,-1.018736127855725676e-01,-1.036348885206980763e-01,-1.050379807912602548e-01,-1.126003165796789218e-01,-1.138465729094706724e-01,-9.329919009880373315e-02,-8.535369452848090566e-02,-7.969882090564181509e-02,-8.118131903631754798e-02,-8.790414327643059078e-02,-8.329609926948580712e-02,-5.510669466995971044e-02,-5.512709649116293020e-02,-9.921449419410502402e-02,-9.716354214619858654e-02,-1.012906624126116567e-01,-1.022701325986711124e-01,-9.500163145517323549e-02,-9.491102201305848252e-02,-1.063633209322457363e-01,-1.041815811613563680e-01,-1.054359726267585090e-01,-1.022534584728792967e-01,-8.444360367328748729e-02,-7.025662383431163782e-02,-9.486729611624655778e-02,-9.283655874584209600e-02,-1.080506797811341263e-01,-1.060792137174131206e-01,-1.003341230536379247e-01,-1.016554050316520741e-01,-1.051154299535648762e-01,-1.040613928419035356e-01,-1.079606091067829565e-01,-1.078367003730007490e-01,-1.003306034900807719e-01,-1.057274987142032829e-01,-1.118010215718973493e-01,-1.117667605839803707e-01,-9.224076779068191012e-02,-8.925960059055992879e-02,-9.140121991740507434e-02,-9.177015776727576180e-02,-9.294957889658758687e-02,-9.171014413674095922e-02,-7.290297144236956850e-02,-6.016061696709046336e-02,-9.898238357414571031e-02,-9.970893444409230366e-02,-7.833378529254723943e-02,-8.176051063394382257e-02,-9.417568391937197747e-02,-1.003839103254867970e-01,-7.976015480438417016e-02,-8.155061202599547809e-02,-1.068564931450858291e-01,-1.078578525581096459e-01,-6.081972202105234704e-02,-7.152421330056546456e-02,-9.486077078475602109e-02,-9.906158224268835077e-02
-1.054568538322918636e-01,-1.045134100099910923e-01,-1.076317641432277677e-01,-1.083589244027222398e-01,-6.568160426242723726e-02,-6.452451371194253826e-02,-1.104305264588301971e-01,-1.100334079667452669e-01,-7.841059889457854815e-02,-7.489180826000743640e-02,-9.127852255321484976e-02,-1.010613248492285010e-01,-1.033340234179112999e-01,-1.006319016267810812e-01,-8.879898130485486263e-02,-9.146527765869544302e-02,-9.988876023294174233e-02,-9.892670516934334857e-02,-9.716501881112349359e-02,-9.658172592638419873e-02,-3.049899471986546734e-02,-3.386730013689927959e-02,-1.008967072019575500e-01,-9.875860397145716507e-02,-9.253439189960890876e-02,-9.427144063323623924e-02,-5.878488862988014846e-02,-5.804000846824856202e-02,-8.683056865369193078e-02,-8.820428737504758254e-02,-9.489865254971388553e-02,-9.629468298661328363e-02,-1.077581572791575931e-01,-1.105503645610785568e-01,-8.218178268804965381e-02,-6.882884319454035671e-02,-3.506204200004408439e-02,-4.170510524549363163e-02,-6.163027480741786746e-02,-5.948001697971283530e-02,-4.178304667433470343e-03,-5.404705231482601416e-03,-9.287297464073009101e-02,-8.996111464715086936e-02,-9.401014787783919247e-02,-9.629935410954017228e-02,-8.083808173799192365e-02,-7.970345087038570309e-02,-1.006158267940540224e-01,-9.514962657893877296e-02,-9.442786793882600171e-02,-8.878975324047375106e-02,-5.480870245329062113e-02,-3.036889010474589506e-02,-7.998721905526041953e-02,-7.241411775119792338e-02,-1.052616073313153988e-01,-1.040786955764799460e-01,-9.453041094192618510e-02,-9.432047616350973385e-02,-1.005824559122192874e-01,-1.001982295428027747e-01,-1.028723906385313469e-01,-1.041378480867789780e-01,-9.312148570028597194e-02,-1.036114781420726383e-01,-1.110721944417848439e-01,-1.112057145967716432e-01,-8.508832720508280323e-02,-8.044494301715403306e-02,1.371208850826626663e-02,3.523500640064201883e-03,2.650508255683919900e-02,1.681272227577660511e-02,3.732480001510501272e-02,2.855852044817028257e-02,-3.981102600979997963e-02,-4.632471281827056642e-02,-7.002745919017637488e-02,-6.982744337367810528e-02,-8.356412788518931267e-02,-9.111409466609507457e-02,-4.257115249409970659e-02,-5.315473366472803912e-02,-9.877450523079638056e-02,-1.006716927755593183e-01,-3.678409987915706725e-02,-3.893766751569401052e-02,-7.980759323126981886e-02,-8.408417739812194813e-02
-8.617586606842908559e-02,-8.347622122736469974e-02,-1.139727835692254526e-01,-1.149368089946453675e-01,-8.148313035058549203e-02,-8.304457024758352124e-02,-1.155353336944709014e-01,-1.155373931046413949e-01,-9.286079944335218217e-02,-9.277381744892522486e-02,-7.308095432471894970e-02,-8.750753449517248428e-02,-9.634239253699600214e-02,-9.142272882520424693e-02,-8.747333171587556855e-02,-9.065677158542616298e-02,2.578478363813113683e-03,-5.683360007129281688e-03,-9.034036803686079642e-02,-8.800529138623899850e-02,-3.533224536651688452e-02,-3.153072309305369331e-02,-1.029614234175737081e-01,-9.991106218558945540e-02,-8.884518932750236353e-02,-8.734533857860085626e-02,-6.833754321287173472e-02,-6.763594166651218376e-02,-1.280385000055826727e-02,-1.021603341475130211e-02,-9.739693074756722302e-02,-9.952970316115121452e-02,-1.027730432263948279e-01,-1.080769307021486741e-01,-7.930012973210703864e-02,-5.719530679589139577e-02,-2.671591079417992218e-02,-2.318166260557746189e-02,-4.650371208215473007e-02,-3.907897613186457619e-02,-2.018843064700380496e-02,-1.359597489053531415e-02,-6.601338937727532774e-02,-6.898975966753190248e-02,-8.386618646535566601e-02,-8.636228923094289855e-02,-6.448774600412017499e-02,-6.717746591270327972e-02,-1.037549953021356941e-01,-9.657625487221582761e-02,-1.025637402930740377e-01,-9.801606701720549930e-02,-7.520147704176149972e-02,-5.251370182256899499e-02,-7.548417784034272549e-02,-6.921856521553809705e-02,-7.410595430732190569e-02,-7.715466920991426170e-02,-1.015564291059401353e-01,-1.005936535970901741e-01,-1.037064239404471150e-01,-1.041510191214109482e-01,-2.449145074502046687e-02,-5.015236417585250406e-02,-9.809999165524588283e-02,-1.096836428088254489e-01,-1.122392769930170980e-01,-1.108953525832777620e-01,-6.449070557949738991e-02,-5.938545786816069871e-02,-6.594105828284477222e-02,-6.828885703894020665e-02,-5.571431300915909851e-02,-5.484655150298849841e-02,-4.505777690466489238e-02,-3.468924972699805043e-02,-7.515342143284711729e-02,-7.406748953911938826e-02,5.865427876136094371e-02,5.342195060717919858e-02,3.710701127060601207e-02,1.070054537600884093e-02,-1.764964480223649157e-02,-7.470820671565341076e-03,-8.708385354439796000e-02,-9.376836809344808732e-02,-3.401907580482795707e-02,-3.568288452288779361e-02,-9.184105915316553848e-02,-9.266403315821475362e-02
3.933967791990700125e-02,4.626766747928896806e-02,-1.027610458278253869e-01,-9.837090489750571765e-02,-7.334303746714128380e-02,-7.240445844332116243e-02,-1.092802321076087740e-01,-1.091767679885538161e-01,-8.428488034020786834e-02,-7.935894239137544770e-02,-7.494464825990185264e-02,-8.901914702420268832e-02,-9.806279399034850686e-02,-9.221210485338107721e-02,-8.570369607876004991e-02,-9.041407160846473556e-02,4.127959296971274450e-02,4.648570121674990008e-02,-1.884951148744726246e-02,-3.167738229287370144e-03,-1.621404531986894021e-02,-1.929308110865512321e-02,-1.013644753320736558e-01,-9.470219003689651915e-02,-7.356159980149398758e-02,-7.681267974885776229e-02,-5.725137304504542696e-02,-5.834813281440662247e-02,-6.784927400508795892e-03,4.342668328311344306e-03,-9.686407176949836384e-02,-1.014639407783940739e-01,-4.589237420239027088e-02,-6.598002652603147944e-02,-5.378623061885359075e-02,-2.613467587707279938e-02,9.929989128682620292e-04,2.925467967040570189e-03,-1.020400021332825563e-02,-6.410016436924494132e-03,1.113610544704477304e-02,1.106275909561476103e-02,4.320018367968778139e-02,4.846172068085045914e-02,2.558161238592376874e-02,3.212206190424601870e-02,4.276317086852787080e-02,4.894937906673478556e-02,-5.331267436832237694e-03,2.824588038346208252e-02,-6.616710763077626734e-03,1.976662155295476342e-02,1.768347496238126954e-02,3.332192616529931761e-02,9.316986812665281614e-03,1.636176149609552127e-02,5.258307417584365262e-02,6.041326202551168534e-02,-3.877385480850249755e-02,-1.916696040437614046e-02,-5.976319169543310023e-02,-6.008406902320430343e-02,-1.783040421910284112e-03,1.140433493482806426e-04,-9.688618720009123386e-02,-8.826722730257592631e-02,-6.126200591816298446e-02,-5.928191837997782293e-02,4.199598718815958365e-02,4.634198851684135506e-02,2.113213864034145517e-03,-1.487855936158237469e-03,3.078452369500192520e-02,3.197375966951074983e-02,1.631848973221119992e-03,5.042429026996600450e-04,-5.731910580579070713e-03,-3.493944090139165792e-03,4.141373337776375202e-02,4.170300254759667230e-02,8.698016038358243052e-03,-3.478372360907609762e-03,-1.643310247366608703e-02,-1.303538820486788152e-02,-7.159268269008414731e-02,-5.844369001525170915e-02,-2.776870168557146051e-02,-3.542424122534870712e-02,-4.677730486784809766e-02,-3.276488300876884141e-02
7.876891553306418492e-02,8.363611844653215388e-02,-9.420584692056138687e-02,-8.474843345602436906e-02,-6.691344023110068484e-02,-6.657068097560192577e-02,-1.026477536615316849e-01,-1.031837150229372446e-01,-7.800662183421223916e-02,-7.745971486322275612e-02,-3.301534592993894679e-02,-6.174571935104117282e-02,-8.337948060569584652e-02,-7.826738595334560566e-02,-7.266395785964782639e-02,-7.450306000574583032e-02,9.640161061848535884e-02,9.288350817645669999e-02,3.599691585231716562e-02,4.789259691952869880e-02,-1.067376542902805092e-02,-1.198879759998102215e-02,-8.956040411058537043e-02,-8.589873888286964076e-02,-6.890940101705725351e-02,-6.697189318268909064e-02,-4.920728485468883057e-02,-5.128444406432814545e-02,5.488467740825501984e-02,5.687784171966323021e-02,-7.839979700960017506e-02,-8.336848535682025996e-02,-8.364079821837747120e-03,-2.924768784410150535e-02,-6.324521680286776526e-02,-4.011014432373375543e-02,1.204910168380780161e-02,1.535981662166905140e-02,-2.521536963750439092e-02,-2.000867641329130350e-02,1.013099058754165019e-02,1.171887503894294622e-02,-3.449673760986414484e-02,-3.308874770914374541e-02,-5.970990484934961262e-02,-6.760598661903509388e-02,-4.420178830031434858e-02,-5.021408618961932524e-02,-9.065004633698371672e-02,-8.132253212322010372e-02,-9.209083104965980204e-02,-8.737318113039728440e-02,-6.310787154805073962e-02,-3.279535230105114219e-02,-7.373167348580801639e-02,-6.670074751407650826e-02,6.981070702867564481e-02,7.555339211423138523e-02,-6.980721435576377198e-02,-5.087108681088015061e-02,-7.473716377559144752e-02,-7.549025118807801971e-02,3.427115498053352749e-02,1.788280974062017581e-02,-9.658797771676230770e-02,-1.057801375470238531e-01,-7.674179881167031425e-02,-7.922107131468772434e-02,7.600434962746184520e-02,7.306524230625538463e-02,-1.338697857550764925e-02,-1.443227125801898464e-02,3.351810525632349658e-02,3.150384425546706030e-02,6.892473375618393683e-03,3.392917095914667336e-03,-3.619500391765125002e-03,-1.440955359656700963e-03,7.033155649952335664e-02,6.406571046069745035e-02,3.002258413762835115e-02,7.573259521214389944e-03,-7.168804332369670823e-03,-6.622839778864471338e-03,-8.622943653882673976e-02,-9.477062824993340295e-02,-2.822345840776473505e-02,-3.645222676089555913e-02,-8.120652321574191312e-02,-8.651867560168366444e-02
4.914544787976177220e-03,1.703914169509358756e-02,-1.083541270047493205e-01,-1.016995232550144124e-01,-7.631015594845123873e-02,-7.934535770644313146e-02,-1.144073942685370771e-01,-1.144446505873759623e-01,-9.051812953611042267e-02,-8.875472287004841643e-02,-9.165824927807258993e-02,-1.030934988234901706e-01,-1.079379474383308501e-01,-1.056150350246948394e-01,-9.413321903200271012e-02,-9.851435949612769027e-02,-2.693101646774092445e-02,-3.121642888395068094e-02,-2.780990615186958864e-02,-5.318227777712625226e-03,-3.205288990821339445e-02,-3.716248545264915631e-02,-1.049367373064440667e-01,-1.013555278023401118e-01,-8.520630679464691326e-02,-8.794597546829810431e-02,-6.558836792337000010e-02,-6.635826143454590098e-02,-5.729242678445727044e-02,-5.526206836949067169e-02,-1.020071274555349183e-01,-1.030407829994517133e-01,-7.509984373979210204e-02,-9.038682923996901875e-02,-7.950345397259322988e-02,-6.219194364363803129e-02,-1.542134126594496557e-02,-1.925734728514786817e-02,-4.952780610593666283e-02,-4.884782222779860544e-02,-1.339772554929022884e-02,-1.587628481683259207e-02,-6.183024883543826455e-02,-6.480401623452267112e-02,-7.892172143977423115e-02,-8.588208489834188442e-02,-6.501281489847865469e-02,-7.281301109393469029e-02,-9.886898437121025007e-02,-9.182731561891137317e-02,-9.808605938531586577e-02,-9.045203385172115307e-02,-6.966709986496588680e-02,-4.464703903090328635e-02,-8.318291259919723124e-02,-7.883385785432654724e-02,-1.274188227942427143e-02,1.164555378047392453e-02,-8.655263710405056155e-02,-7.147230621252764760e-02,-1.005082343824575675e-01,-9.644471775958328441e-02,-8.356800809193445922e-02,-8.057422644301663606e-02,-1.036027430178534242e-01,-1.104039765240622389e-01,-9.846190688277522973e-02,-1.016868318055608178e-01,5.851674761287874171e-02,6.015302739989592667e-02,-5.698457632131467832e-02,-6.222085242683987605e-02,-2.205208022371761903e-02,-2.294807939551563730e-02,-3.383627530429843960e-02,-2.964979066107786138e-02,-5.069572859018296046e-02,-4.942638661218720642e-02,-1.120392754107232131e-02,-2.097453344028175556e-02,-6.268367011250007559e-02,-7.970276255862221437e-02,-4.389066841978199462e-02,-5.698809772678596619e-02,-1.082184241584372847e-01,-1.117723911634581208e-01,-4.403440349883136484e-02,-5.714439163243565517e-02,-9.630150585196858848e-02,-9.834362674589063047e-02
-1.084352360296666762e-01,-1.071932183237375158e-01,-1.135593135013931582e-01,-1.137657407709141144e-01,-8.594375615402259638e-02,-8.174415642880250576e-02,-1.133557615021632409e-01,-1.135781866099124238e-01,-9.265037798468452046e-02,-9.060658420762569831e-02,-9.773131583107717846e-02,-1.019164383316304295e-01,-1.013741589628800732e-01,-9.914247244513661739e-02,-8.665976840873476639e-02,-9.226210794664774228e-02,-1.044072299487720512e-01,-1.038787296532778792e-01,-1.068811876515493170e-01,-1.065223583912778271e-01,-2.746906962347891307e-02,-3.185318270595820234e-02,-1.055001183288873934e-01,-1.037250993155510309e-01,-9.482684726706573641e-02,-9.488108474685869043e-02,-6.464170516748329876e-02,-6.506094080788549228e-02,-9.252719854249721876e-02,-9.267867132740331693e-02,-1.008624985505185145e-01,-1.019670232253697545e-01,-1.139482867899517665e-01,-1.143688649750214253e-01,-7.768794046590360436e-02,-5.439685184232884163e-02,1.466927822957391631e-02,1.478702154193848803e-02,-1.376530002169837341e-02,-1.416657935776127406e-02,-7.144549025125956909e-05,6.812891112450758513e-03,-9.262286589518990698e-02,-9.319161332217132387e-02,-9.838052076555753311e-02,-1.007578188514574591e-01,-8.339271107363668833e-02,-8.393455626581436402e-02,-1.086065388100939805e-01,-1.044464142213539642e-01,-1.075464945406546247e-01,-1.043201254543816292e-01,-8.379197747241859395e-02,-5.840257154266205453e-02,-8.048298355198460485e-02,-7.291955421219421807e-02,-1.092786162660546734e-01,-1.069404742942934861e-01,-1.043476543799586459e-01,-1.033411719189170908e-01,-1.071465987695411626e-01,-1.068851793354290980e-01,-1.088229502606449101e-01,-1.082173869665633836e-01,-9.871947999880813229e-02,-1.079211087657547391e-01,-1.135175918258755912e-01,-1.117663465630191477e-01,-9.123986516044109429e-02,-8.742462103655959660e-02,-8.207969861707174741e-02,-8.288460871680605746e-02,-8.429660327520255292e-02,-8.389861747278153092e-02,-5.829313051020837411e-02,-5.040930554144294751e-02,-9.343562452878573232e-02,-9.321528608533966032e-02,-6.911455512329976736e-02,-7.146079353744845541e-02,-8.338351476285703334e-02,-9.222830442323039224e-02,-2.398923219379656829e-02,-3.158976662723827350e-02,-1.052348351519655778e-01,-1.069592591540399762e-01,-2.177269158740312988e-02,-3.603948803460738787e-02,-9.028223016242813148e-02,-9.768309948118483743e-02
2.068869813976567662e-02,2.136308410648311840e-02,1.402000531898014990e-02,1.546550219859542386e-02,-1.839163562353478970e-02,-2.747313451172841287e-02,-1.744718068570605407e-02,-2.297957028505732968e-02,-2.485799629103627867e-02,-2.994569451512697073e-02,-3.622872322621199098e-02,-4.803811536374335417e-02,-5.719035367933698877e-02,-6.018302137323642415e-02,-4.719181797548317736e-02,-5.429853007481100918e-02,-3.459597351409126470e-02,-4.052365709529763549e-02,5.748275487600587597e-02,6.160702607542041520e-02,-1.800183345258318107e-02,-2.108175165470051182e-02,-3.094418769604612152e-02,-3.580146972700837260e-02,-3.067552608126795227e-02,-3.516989682025525865e-02,-2.911795584192674799e-02,-3.073536285424709191e-02,-5.106843504821938218e-02,-5.251488977532628444e-02,-2.693871135995767191e-02,-3.342046965937754688e-02,3.624178265447290659e-02,2.370819655878347865e-02,-1.404181699650357273e-02,-2.038241968325666537e-02,-2.036347367681723766e-02,-2.120732695624241715e-02,-3.125060623718689534e-02,-3.551665639978628108e-02,-1.619345817591989756e-02,-1.572011699743286819e-02,-4.478925819083598436e-02,-5.257290596804391897e-02,-4.372672838377351240e-02,-4.802151146825617278e-02,-5.000765073373284603e-02,-5.891606187400473538e-02,-3.546293629544793047e-02,-4.298160443214710247e-02,-4.625908525300370666e-02,-4.261034619803222290e-02,-3.876714976926141920e-02,-3.411569170731423850e-02,-5.621378889617625191e-02,-5.638096151727713806e-02,9.108605636161185015e-03,1.623778641422835012e-02,1.655979167216967141e-02,2.832316384628522088e-02,-1.275330626875427475e-02,-1.091696396531324775e-02,-4.234185930561746442e-02,-3.991601574165075383e-02,-2.618896666583907934e-02,-2.346962718304473894e-02,1.983632777647126311e-02,3.136330166381595674e-03,5.751991734137729129e-02,5.119106178982146121e-02,-1.401637549080755191e-02,-1.029611404327582247e-02,-2.274013305314473432e-03,-6.088467306087620712e-03,-6.240651811552668654e-03,-3.473792376906488510e-03,1.709230039843870341e-03,-8.357775108624079796e-03,-3.942796176060012897e-02,-4.874415918470742515e-02,-5.682965970315639187e-02,-6.717108951870552624e-02,-3.762422894415288349e-02,-4.422068856295754968e-02,-5.729395490629549809e-02,-6.690364166600075435e-02,-2.111235623926391997e-02,-3.441174217961263243e-02,-3.761077423745680381e-02,-5.358970475740545969e-02
-9.047556907941281534e-02,-8.976647964689188353e-02,-8.162373867309558051e-02,-8.753451662502781394e-02,-5.530624405036473068e-02,-5.253954673057309455e-02,-8.622293973203566664e-02,-8.713225126684942534e-02,-6.145922388735216430e-02,-5.696287702490819560e-02,-8.644331778938654787e-02,-8.844191722900131281e-02,-8.321459079877002729e-02,-8.319864398026896590e-02,-7.089669160411687932e-02,-7.391941866229685687e-02,-9.048166992447190249e-02,-9.132633541500946583e-02,-8.712037693092221369e-02,-8.561721482571749142e-02,-2.922948013048800447e-02,-2.383557653359108519e-02,-8.354273942852968871e-02,-8.083977337442217748e-02,-5.630649695571843943e-02,-5.841513700732276632e-02,-4.551716258399934184e-02,-4.475533902905017708e-02,-7.929269370504664349e-02,-7.917353600969816163e-02,-8.154635964560628947e-02,-8.846080997026879722e-02,-8.314598995756994348e-02,-8.747672015558355385e-02,-2.509227255439965693e-02,-1.494795469500154184e-02,-2.102744059305642482e-02,-2.312769738086415533e-02,-3.007887982993631693e-03,-6.949702710672960027e-03,-7.717544570885085525e-03,-7.389937674991785624e-03,2.944942714246093218e-02,3.313289802271254803e-02,4.782142799226403451e-02,4.346684119621589681e-02,4.321095448523770005e-02,4.378326557499423455e-02,6.645041400781605268e-02,5.858437596712326445e-02,6.976880736941062922e-02,6.789785591303588996e-02,5.456909699599449964e-02,3.483026847638059920e-02,5.300017687198513294e-02,4.615117802349120307e-02,-7.201142151106883216e-02,-7.337298341829176507e-02,-3.144196748802077779e-03,-1.037593795667758612e-02,-3.526834042490557819e-02,-3.613554467746549897e-02,-6.369372784723542624e-02,-6.545274569754658267e-02,-3.935689259252910660e-02,-2.201181548773979701e-02,-3.824689665154187845e-02,-3.401199121693066624e-02,-6.142372135258142296e-02,-5.796470342584099378e-02,-1.366943153893067364e-03,-4.251319013621086829e-03,-1.003046380500301205e-02,-1.272771883201212484e-02,-1.628866030459980366e-02,-1.589654559932836275e-02,-3.486970527720774371e-02,-4.163260975346059350e-02,-4.278300567671537713e-02,-4.298318941806909821e-02,-3.719105683085384417e-02,-4.079712710183154567e-02,-2.202265773848183922e-02,-2.114015677440473848e-02,-1.948671540034176142e-02,3.769264794454121881e-03,-1.616151129275250620e-02,-2.079562192575584376e-02,9.716994587397928540e-03,2.612591245109782689e-02
-1.022401852560251290e-01,-1.002656816008746510e-01,-5.534080370491790274e-02,-5.646532367778843431e-02,-3.506370571759453991e-03,1.104499092460159426e-03,-6.693178533791108165e-02,-5.632082079963109805e-02,-1.542135593070802224e-02,-1.822724753719099505e-02,-5.256729829955517075e-02,-4.158842219289987652e-02,-1.539206753596892435e-02,-1.553654394319223947e-02,3.722501145232440245e-03,6.617448782632318061e-03,-8.919744627168023354e-02,-8.725543943286027948e-02,-8.468810039385288313e-02,-8.444474335073734461e-02,4.695102997568416370e-03,6.244288300237002542e-03,2.005917868540818549e-03,1.568432114997771187e-02,1.824001228343748171e-02,2.352830859340102054e-02,1.971169886936148530e-02,2.157598987002500024e-02,-5.537737154209714657e-02,-5.286032549043027939e-02,2.679311968824663048e-03,1.109449909313760252e-02,-7.653954021762290894e-02,-6.834848975140875305e-02,-5.787729725980211848e-04,6.079820603388970401e-03,7.155038050189611865e-03,8.722205870983382875e-03,1.003225502453078399e-02,1.303400227158055258e-02,-4.367936565099032886e-03,-2.817588973331897062e-03,1.770462512517047282e-02,2.617069541080824235e-02,2.251073887451035538e-03,1.645476344724594586e-02,2.328214535190527984e-02,3.306374022449760919e-02,-5.028358585513187373e-02,-1.316867909881971194e-02,-4.219754489467174297e-02,-2.787546276041930060e-02,-1.819035269617986367e-02,3.776203707443623325e-03,8.880350557205832218e-03,1.969920847097037658e-02,-1.043428704989362854e-01,-1.010270911284406326e-01,-9.387951979926731361e-02,-9.157119886895577487e-02,-9.440576731961032586e-02,-8.885071606401269417e-02,-8.022558287321056303e-02,-9.112735579798926511e-02,-2.050077367794465866e-02,-5.040176942653877556e-02,-6.508734227667813121e-02,-5.036092658444317471e-02,-7.324348885127431041e-02,-6.764407135067707078e-02,-2.809980061983560762e-02,-2.675445084457311884e-02,-4.005414513723337677e-02,-4.304953663716973300e-02,-2.221467723551052986e-02,-2.360858445527820940e-02,-4.699774987657857200e-02,-4.567002044681973960e-02,-3.408834574393489192e-02,-2.928632741291271185e-02,-2.424735524390345121e-02,-1.039126472177171606e-02,1.294908942663258733e-02,1.102613058227879667e-02,-1.649119819688410482e-02,-9.192933648322673679e-03,5.806554037032188309e-03,1.213639048688463368e-02,-2.450813578517407193e-02,-1.501425499025886567e-02
-1.072895436999845020e-01,-1.085702892184625956e-01,-8.321449486350569746e-02,-8.246712443837390938e-02,-4.018332899003404513e-02,-4.009342757365955134e-02,-3.961892996584400611e-02,-3.872469381509330982e-02,-2.252368938487103039e-02,-2.467265260255761816e-02,1.810628975720741940e-02,3.606117339423589585e-02,3.357240897726809781e-02,4.254093758793961455e-02,-1.798159335646157264e-03,4.699192733803883582e-03,-9.914724519808172654e-02,-9.696368081740475153e-02,-9.041964846011872614e-02,-9.543793846393201774e-02,-3.733727070394263214e-02,-2.897700978916038089e-02,-6.170496817585741089e-02,-5.972152082051210287e-02,-7.784460161697157043e-02,-7.367241328644477671e-02,-5.022358260073980091e-02,-3.916836143508418272e-02,-5.375321966626460390e-02,-5.625022601506090431e-02,-5.918359939663460356e-02,-5.139084246492531260e-02,-1.005119953257165299e-01,-9.910093462008878751e-02,-5.383869934709570315e-02,-3.767061912276600116e-02,-2.892988507129919812e-02,-2.738015218301794243e-02,-3.627588552188785315e-02,-3.146700755874605460e-02,-2.976818056756811576e-02,-2.274286140464780101e-02,-8.767078766898182829e-02,-8.849530788672554937e-02,-8.758164010122065912e-02,-9.059070404573531243e-02,-7.625823459646480229e-02,-7.651699802541184203e-02,-1.001263623646544421e-01,-9.620130109055370637e-02,-9.673181111654773068e-02,-9.559318617335052504e-02,-6.637706273832295889e-02,-5.202526311155321326e-02,-6.974990361597716015e-02,-6.130683771154767786e-02,-1.139975621835871422e-01,-1.130052622916394162e-01,-8.526434066048550753e-02,-9.038457998556619077e-02,-6.760028860243329218e-02,-6.208771413660172517e-02,-9.125134385146771443e-02,-8.846868738090558903e-02,-4.543046495024036929e-02,-6.519632865906779817e-02,-1.034004638266991793e-01,-1.018206799346933894e-01,-1.011290378803997581e-01,-9.785187080846199925e-02,-5.420329197053048997e-02,-5.054358236028294593e-02,-7.269691134789045550e-02,-7.533104870262646857e-02,-3.454632929751967618e-02,-2.850739514504230590e-02,-7.187975346316967384e-02,-7.016706554488749692e-02,-7.467316845529459179e-02,-7.376208302118733573e-02,-7.380590166682224340e-02,-7.365547694175360316e-02,-3.647114551915661695e-02,-3.624782850682557733e-02,-7.203475468765321854e-02,-7.795811100655397619e-02,-2.977469803712534321e-02,-2.644778000950235783e-02,-5.522263805201763770e-02,-6.766909126611822534e-02
-9.338602702434035951e-02,-9.708032068118477298e-02,4.660579172114705238e-02,3.591530911360968359e-02,4.583075648858053047e-02,4.799947179215600934e-02,6.524514985000853806e-02,7.062947182497129883e-02,4.950139518336336975e-02,5.270486650939984474e-02,2.775845334351555171e-02,5.421632634778969506e-02,7.082728197376625401e-02,6.618812727305921351e-02,5.929345488049780899e-02,6.452727118236341319e-02,-9.265265304927394752e-02,-9.018106259932415214e-02,-5.939816937485274673e-02,-7.196817313392597781e-02,-1.006930120279253549e-02,-4.322121443461137552e-03,7.346449341816987944e-02,7.041642392227455416e-02,3.806316952817011268e-02,4.239319905639199471e-02,3.345678201918454719e-02,3.392500982907510620e-02,-4.324934241199955565e-02,-4.980165760293783772e-02,6.566375573246543973e-02,7.349900128212291661e-02,-5.023422635100265043e-02,-2.814363452127394138e-02,4.302933482374697582e-03,-1.056738566514906635e-02,-3.090656152269227047e-02,-3.111948068903731823e-02,-2.875130065177719865e-02,-3.159432882998225445e-02,-3.142457575892621674e-02,-3.316626456471512274e-02,-7.078182766351423516e-02,-7.112147989271018489e-02,-6.691747221926368228e-02,-6.774941034900017200e-02,-6.987012280771200123e-02,-6.828946873664860917e-02,-7.257798712323354495e-02,-8.064521018596620960e-02,-6.971989421385094143e-02,-7.731183190954252216e-02,-5.920113627970217951e-02,-5.216831104434991456e-02,-5.201309100863524965e-02,-5.368174564739740251e-02,-1.032292216762498854e-01,-1.052780654440586550e-01,-5.341398877342309892e-02,-6.520241560488805599e-02,-2.235977291137772327e-02,-1.227250432617321696e-02,-7.556986894060895021e-02,-7.188716022164121089e-02,5.039642068500092831e-02,2.194088723759650417e-02,-3.777181173388338697e-02,-3.609012684733282211e-02,-8.784779500543322961e-02,-8.669257042747745279e-02,-5.523160356358807616e-02,-4.466725340629251056e-02,-7.281984949008582508e-02,-6.983454547551093405e-02,-3.747424500419782589e-02,-3.127445762928800221e-02,-4.712456186929302182e-02,-5.067120553936158706e-02,-7.016833782348003146e-02,-6.960442908409583684e-02,-5.730600388493761743e-02,-4.821373125291419925e-02,-2.024357784080392172e-02,-2.235541775253106420e-02,5.722180842576196635e-03,-1.954895277823724686e-02,-1.342306494747386864e-03,-1.762267298209108102e-03,-1.238548270773551924e-02,-3.555560860957451830e-02
