sub,ses
sub-CC00056XX07,ses-10700
sub-CC00058XX09,ses-11300
sub-CC00065XX08,ses-18600
sub-CC00069XX12,ses-26300
sub-CC00070XX05,ses-26700
sub-CC00071XX06,ses-27000
sub-CC00072XX07,ses-27600
sub-CC00073XX08,ses-27800
sub-CC00100XX01,ses-35000
sub-CC00102XX03,ses-35200
sub-CC00104XX05,ses-35800
sub-CC00107XX08,ses-36300
sub-CC00110XX03,ses-37000
sub-CC00113XX06,ses-37200
sub-CC00114XX07,ses-37100
sub-CC00117XX10,ses-38200
sub-CC00118XX11,ses-39100
sub-CC00120XX05,ses-41600
sub-CC00122XX07,ses-42000
sub-CC00126XX11,ses-43100
sub-CC00127XX12,ses-43200
sub-CC00130XX07,ses-44001
sub-CC00131XX08,ses-44200
sub-CC00138XX15,ses-46200
sub-CC00143BN12,ses-47600
sub-CC00150AN02,ses-54800
sub-CC00153XX05,ses-50300
sub-CC00157XX09,ses-51900
sub-CC00158XX10,ses-52200
sub-CC00159XX11,ses-52600
sub-CC00165XX09,ses-54600
sub-CC00166XX10,ses-54701
sub-CC00167XX11,ses-55600
sub-CC00168XX12,ses-55700
sub-CC00170XX06,ses-56100
sub-CC00172AN08,ses-56901
sub-CC00174XX10,ses-57200
sub-CC00176XX12,ses-57600
sub-CC00180XX08,ses-59500
sub-CC00181XX09,ses-60000
sub-CC00184XX12,ses-60501
sub-CC00185XX13,ses-60800
sub-CC00187XX15,ses-61500
sub-CC00188XX16,ses-61800
sub-CC00189XX17,ses-62301
sub-CC00196XX16,ses-66100
sub-CC00197XX17,ses-66500
sub-CC00200XX02,ses-67204
sub-CC00201XX03,ses-67600
sub-CC00202XX04,ses-67800
sub-CC00203XX05,ses-69500
sub-CC00204XX06,ses-69900
sub-CC00205XX07,ses-70000
sub-CC00206XX08,ses-70100
sub-CC00207XX09,ses-88700
sub-CC00209XX11,ses-70400
sub-CC00219XX13,ses-86600
sub-CC00226XX12,ses-76600
sub-CC00232XX10,ses-78300
sub-CC00233XX11,ses-77800
sub-CC00251XX04,ses-83800
sub-CC00260XX05,ses-85300
sub-CC00265XX10,ses-86901
sub-CC00272XX09,ses-117900
sub-CC00286XX15,ses-91700
sub-CC00289XX18,ses-119700
sub-CC00295XX16,ses-127500
sub-CC00298XX19,ses-94700
sub-CC00299XX20,ses-94900
sub-CC00300XX03,ses-96000
sub-CC00302XX05,ses-113500
sub-CC00304XX07,ses-111600
sub-CC00306XX09,ses-98700
sub-CC00308XX11,ses-98900
sub-CC00316XX11,ses-101300
sub-CC00319XX14,ses-117300
sub-CC00324XX11,ses-111200
sub-CC00337XX16,ses-107000
sub-CC00338AN17,ses-107700
sub-CC00341XX12,ses-108000
sub-CC00343XX14,ses-108500
sub-CC00347XX18,ses-109600
sub-CC00348XX19,ses-110200
sub-CC00349XX20,ses-110300
sub-CC00353XX07,ses-111000
sub-CC00354XX08,ses-112100
sub-CC00355XX09,ses-112600
sub-CC00357XX11,ses-113900
sub-CC00362XX08,ses-114500
sub-CC00366XX12,ses-116300
sub-CC00367XX13,ses-116000
sub-CC00370XX08,ses-142400
sub-CC00371XX09,ses-134700
sub-CC00377XX15,ses-119800
sub-CC00380XX10,ses-121200
sub-CC00382XX12,ses-121700
sub-CC00383XX13,ses-121800
sub-CC00400XX04,ses-123700
sub-CC00403XX07,ses-124400
sub-CC00408XX12,ses-125500
sub-CC00411XX07,ses-126200
sub-CC00412XX08,ses-126301
sub-CC00413XX09,ses-127100
sub-CC00417XX13,ses-129000
sub-CC00421AN09,ses-126000
sub-CC00424XX12,ses-129400
sub-CC00427XX15,ses-130100
sub-CC00428XX16,ses-130400
sub-CC00431XX11,ses-131500
sub-CC00433XX13,ses-132000
sub-CC00434AN14,ses-127700
sub-CC00438XX18,ses-156800
sub-CC00441XX13,ses-132902
sub-CC00443XX15,ses-133900
sub-CC00444XX16,ses-135101
sub-CC00445XX17,ses-134800
sub-CC00446XX18,ses-135200
sub-CC00447XX19,ses-135600
sub-CC00448XX20,ses-135800
sub-CC00450XX05,ses-136100
sub-CC00453XX08,ses-136600
sub-CC00455XX10,ses-137700
sub-CC00457XX12,ses-138601
sub-CC00458XX13,ses-138900
sub-CC00462XX09,ses-134100
sub-CC00466AN13,ses-138400
sub-CC00467XX14,ses-139000
sub-CC00473XX12,ses-140100
sub-CC00476XX15,ses-141500
sub-CC00481XX12,ses-141800
sub-CC00483XX14,ses-144200
sub-CC00486XX17,ses-144300
sub-CC00497XX20,ses-144500
sub-CC00498XX21,ses-144900
sub-CC00499XX22,ses-145800
sub-CC00500XX05,ses-145900
sub-CC00502XX07,ses-146700
sub-CC00507XX12,ses-148202
sub-CC00514XX11,ses-151400
sub-CC00516XX13,ses-152902
sub-CC00527XX16,ses-184400
sub-CC00528XX17,ses-183200
sub-CC00532XX13,ses-154200
sub-CC00534XX15,ses-155100
sub-CC00535XX16,ses-155600
sub-CC00540XX13,ses-164400
sub-CC00542XX15,ses-165800
sub-CC00544XX17,ses-169300
sub-CC00549XX22,ses-157600
sub-CC00550XX06,ses-157800
sub-CC00552XX08,ses-159300
sub-CC00560XX08,ses-159800
sub-CC00564XX12,ses-154100
sub-CC00568XX16,ses-198900
sub-CC00577XX17,ses-180400
sub-CC00580XX12,ses-173700
sub-CC00584XX16,ses-178800
sub-CC00586XX18,ses-179000
sub-CC00588XX20,ses-183600
sub-CC00589XX21,ses-184000
sub-CC00593XX17,ses-189401
sub-CC00594XX18,ses-189800
sub-CC00595XX19,ses-189900
sub-CC00597XX21,ses-190200
sub-CC00598XX22,ses-190300
sub-CC00607XX13,ses-179300
sub-CC00620XX10,ses-210900
sub-CC00622XX12,ses-185600
sub-CC00642XX16,ses-218100
sub-CC00647XX21,ses-190801
sub-CC00649XX23,ses-191201
sub-CC00656XX13,ses-217601
sub-CC00668XX17,ses-220700
sub-CC00685XX18,ses-226100
sub-CC00705XX12,ses-226000
sub-CC00708XX15,ses-207500
sub-CC00713XX12,ses-229000
sub-CC00714XX13,ses-240900
sub-CC00716XX15,ses-222800
sub-CC00719XX18,ses-210600
sub-CC00734XX17,ses-216900
sub-CC00736XX19,ses-247000
sub-CC00737XX20,ses-244300
sub-CC00740XX15,ses-238400
sub-CC00744XX19,ses-221001
sub-CC00769XX19,ses-4400
sub-CC00782XX16,ses-240100
sub-CC00789XX23,ses-21110
sub-CC00791XX17,ses-27611
sub-CC00799XX25,ses-23810
sub-CC00801XX09,ses-29510
sub-CC00803XX11,ses-2700
sub-CC00810XX10,ses-29010
sub-CC00815XX15,ses-4120
sub-CC00816XX16,ses-40010
sub-CC00818XX18,ses-4020
sub-CC00822XX14,ses-15710
sub-CC00839XX23,ses-23710
sub-CC00843XX19,ses-4330
sub-CC00850XX09,ses-4930
sub-CC00851XX10,ses-42010
sub-CC00852XX11,ses-28210
sub-CC00879XX22,ses-7430
sub-CC00129BN14,ses-43701
sub-CC00132XX09,ses-44400
sub-CC00135BN12,ses-54500
sub-CC00186AN14,ses-60900
sub-CC00191XX11,ses-79600
sub-CC00237XX15,ses-79300
sub-CC00244XX14,ses-81200
sub-CC00245AN15,ses-94300
sub-CC00271XX08,ses-100400
sub-CC00284AN13,ses-111400
sub-CC00287BN16,ses-93900
sub-CC00305XX08,ses-115700
sub-CC00350XX04,ses-109100
sub-CC00361XX07,ses-120500
sub-CC00389XX19,ses-133800
sub-CC00406XX10,ses-129200
sub-CC00407BN11,ses-137200
sub-CC00418AN14,ses-130200
sub-CC00422XX10,ses-127800
sub-CC00465XX12,ses-137900
sub-CC00489XX20,ses-142900
sub-CC00517XX14,ses-159200
sub-CC00518XX15,ses-166600
sub-CC00525XX14,ses-165900
sub-CC00529AN18,ses-170000
sub-CC00530XX11,ses-181301
sub-CC00569XX17,ses-170600
sub-CC00572BN12,ses-161400
sub-CC00576XX16,ses-178200
sub-CC00617XX15,ses-188400
sub-CC00618XX16,ses-193600
sub-CC00621XX11,ses-195900
sub-CC00627XX17,ses-180600
sub-CC00628XX18,ses-193500
sub-CC00648XX22,ses-204400
sub-CC00661XX10,ses-209600
sub-CC00672AN13,ses-214900
sub-CC00686XX19,ses-209100
sub-CC00695XX20,ses-202600
sub-CC00702AN09,ses-204600
sub-CC00712XX11,ses-232701
sub-CC00747XX22,ses-238600
sub-CC00768XX18,ses-236400
sub-CC00771XX13,ses-17710
sub-CC00792XX18,ses-1800
sub-CC00823XX15,ses-27810
sub-CC00830XX14,ses-30710
sub-CC00838XX22,ses-30610
sub-CC00845AN21,ses-32010
sub-CC00855XX14,ses-530
sub-CC00119XX12,ses-39400
sub-CC00195XX15,ses-65800
sub-CC00332XX11,ses-105700
sub-CC00335XX14,ses-106300
sub-CC00336XX15,ses-106600
sub-CC00376XX14,ses-118400
sub-CC00430XX10,ses-131100
sub-CC00480XX11,ses-141609
sub-CC00482XX13,ses-142000
sub-CC00545XX18,ses-170400
sub-CC00731XX14,ses-214500
sub-CC00798XX24,ses-245400
sub-CC00846XX22,ses-26710
sub-CC00871XX14,ses-38810